{
  "version": 1,
  "author": "KISHOR THORAT",
  "editor": "wokwi",
  "parts": [
    { "type": "board-esp32-devkit-c-v4", "id": "esp", "top": 105.6, "left": -283.16, "attrs": {} },
    { "type": "wokwi-dht22", "id": "dht1", "top": -38.1, "left": -264.6, "attrs": {} },
    {
      "type": "board-ssd1306",
      "id": "oled1",
      "top": 118.34,
      "left": -114.97,
      "attrs": { "i2cAddress": "0x3c" }
    },
    {
      "type": "wokwi-photoresistor-sensor",
      "id": "ldr1",
      "top": 118.4,
      "left": -517.6,
      "attrs": {}
    }
  ],
  "connections": [
    [ "esp:TX", "$serialMonitor:RX", "", [] ],
    [ "esp:RX", "$serialMonitor:TX", "", [] ],
    [ "dht1:GND", "esp:GND.2", "black", [ "h86.4", "v124.8" ] ],
    [ "dht1:VCC", "esp:3V3", "red", [ "h-48", "v124.8" ] ],
    [ "dht1:SDA", "esp:19", "green", [ "v19.2", "h86.5", "v105.6" ] ],
    [ "ldr1:VCC", "esp:5V", "red", [ "h38.4", "v172.8" ] ],
    [ "ldr1:GND", "esp:GND.1", "black", [ "h48", "v114.8" ] ],
    [ "ldr1:AO", "esp:34", "green", [ "h28.8", "v-87.1" ] ],
    [ "esp:GND.2", "oled1:GND", "black", [ "v-19.2", "h105.6" ] ],
    [ "esp:5V", "oled1:VCC", "red", [ "v19.2", "h288.15", "v-240", "h-76.95" ] ],
    [ "esp:21", "oled1:SDA", "green", [ "h57.6", "v-86.4", "h76.73" ] ],
    [ "esp:22", "oled1:SCL", "green", [ "h9.6", "v-48", "h114.9" ] ]
  ],
  "dependencies": {}
}